subreddit,polarita_media,polarita_std,commenti_analizzati,percentuale_positivi,soggettivita_media,percentuale_categoria_positiva,ranking_polarita,ranking_soggettivita,cluster_sentiment,tipo_discussione
austria,0.063,0.239,274,25.547,0.312,25.547,5.0,20.0,0,Discussioni Leggermente Positive e Oggettive
belgium,0.054,0.25,4266,32.232,0.386,32.232,7.0,7.0,2,Discussioni Neutrali e Bilanciate
czech,0.052,0.241,2268,33.157,0.403,33.157,9.0,3.5,2,Discussioni Neutrali e Bilanciate
de,0.038,0.215,6575,28.152,0.353,28.152,16.5,14.0,0,Discussioni Leggermente Positive e Oggettive
denmark,0.049,0.245,11823,31.938,0.382,31.938,10.5,9.0,2,Discussioni Neutrali e Bilanciate
france,0.039,0.238,23651,27.876,0.349,27.876,15.0,17.0,0,Discussioni Leggermente Positive e Oggettive
greece,0.038,0.224,4567,25.465,0.314,25.465,16.5,19.0,0,Discussioni Leggermente Positive e Oggettive
hungary,0.055,0.245,995,31.859,0.403,31.859,6.0,3.5,2,Discussioni Neutrali e Bilanciate
ireland,0.044,0.249,21878,29.893,0.357,29.893,13.0,11.0,0,Discussioni Leggermente Positive e Oggettive
italy,0.036,0.236,21503,28.415,0.35,28.415,18.0,16.0,0,Discussioni Leggermente Positive e Oggettive
netherlands,0.075,0.251,17,47.059,0.395,47.059,2.0,5.5,2,Discussioni Neutrali e Bilanciate
norway,0.084,0.349,93,41.935,0.438,41.935,1.0,2.0,1,Discussioni Positive e Soggettive
poland,0.016,0.265,56,26.786,0.395,26.786,20.0,5.5,0,Discussioni Leggermente Positive e Oggettive
portugal,0.043,0.255,5118,28.175,0.345,28.175,14.0,18.0,0,Discussioni Leggermente Positive e Oggettive
romania,0.053,0.245,1134,31.041,0.378,31.041,8.0,10.0,2,Discussioni Neutrali e Bilanciate
spain,0.071,0.265,789,32.573,0.356,32.573,4.0,12.0,2,Discussioni Neutrali e Bilanciate
sweden,0.045,0.246,20370,31.649,0.383,31.649,12.0,8.0,2,Discussioni Neutrali e Bilanciate
switzerland,0.049,0.244,3238,30.698,0.355,30.698,10.5,13.0,0,Discussioni Leggermente Positive e Oggettive
ukraine,0.074,0.11,10,20.0,0.474,20.0,3.0,1.0,1,Discussioni Positive e Soggettive
unitedkingdom,0.03,0.219,13061,26.468,0.352,26.468,19.0,15.0,0,Discussioni Leggermente Positive e Oggettive
